{
    "val_loss": 5.387717908428561,
    "perplexity": 218.70371372064577,
    "throughput": 30925.095537748624,
    "peak_mem_mb": 4836.977152,
    "model": "gqa",
    "context_length": 1024,
    "params": 42799616,
    "epoch_time_avg": 111.70616299150024
}