{
    "val_loss": 5.2526971863918615,
    "perplexity": 191.08095499540525,
    "throughput": 29768.655777144566,
    "peak_mem_mb": 2830.240256,
    "attention_type": "aft_decay",
    "context_length": 512,
    "params": 46472704,
    "epoch_time_avg": 149.9272703495
}