{
    "val_loss": 5.017190870691518,
    "perplexity": 150.9865667129283,
    "throughput": 34179.29212501584,
    "peak_mem_mb": 2815.38304,
    "model": "rope_interp",
    "pos_type": "rope_interp",
    "train_ctx": 512,
    "context_length": 512,
    "params": 44634624,
    "epoch_time_avg": 124.26168011979999
}