{
    "val_loss": 5.179033553014036,
    "perplexity": 177.51117292912664,
    "throughput": 34226.64128769752,
    "peak_mem_mb": 2355.503616,
    "model": "gqa",
    "context_length": 512,
    "params": 42537472,
    "epoch_time_avg": 120.70263146359994
}