{
    "val_loss": 5.200729229411141,
    "perplexity": 181.40447913513952,
    "throughput": 33359.06047879458,
    "peak_mem_mb": 2403.475968,
    "model": "standard",
    "context_length": 512,
    "params": 44896768,
    "epoch_time_avg": 122.64020465010006
}